{
  "analysis_code_version": "starting_type_adaptation_analysis_v1",
  "bootstrap": {
    "n_families": 2140,
    "redraws": 0,
    "rejected_fraction": 0.0,
    "reps": 10000,
    "rng_seed": 20260716,
    "stats": {
      "H_conc": {
        "ci95_two_sided": [
          0.18924467275509202,
          0.2784788690119663
        ],
        "lcb975_one_sided": 0.18924467275509202,
        "n_finite": 10000,
        "std": 0.02295223238581376,
        "ucb975_one_sided": 0.2784788690119663
      },
      "H_conc_norm": {
        "ci95_two_sided": [
          1.7626579053904465,
          2.4640404665959026
        ],
        "lcb975_one_sided": 1.7626579053904465,
        "n_finite": 10000,
        "std": 0.17692797173572383,
        "ucb975_one_sided": 2.4640404665959026
      },
      "H_cost": {
        "ci95_two_sided": [
          -0.060223852872809375,
          -0.016127482465553608
        ],
        "lcb975_one_sided": -0.060223852872809375,
        "n_finite": 10000,
        "std": 0.0116746576700922,
        "ucb975_one_sided": -0.016127482465553608
      },
      "H_gain": {
        "ci95_two_sided": [
          0.12917415910635147,
          0.2116290666858723
        ],
        "lcb975_one_sided": 0.12917415910635147,
        "n_finite": 10000,
        "std": 0.02114034995163359,
        "ucb975_one_sided": 0.2116290666858723
      },
      "H_gain_norm": {
        "ci95_two_sided": [
          0.7163790000533635,
          0.7908708700188279
        ],
        "lcb975_one_sided": 0.7163790000533635,
        "n_finite": 10000,
        "std": 0.01907380107220925,
        "ucb975_one_sided": 0.7908708700188279
      },
      "H_held_sft": {
        "ci95_two_sided": [
          -0.08228104888943677,
          -0.047085572638088706
        ],
        "lcb975_one_sided": -0.08228104888943677,
        "n_finite": 10000,
        "std": 0.009056277477665964,
        "ucb975_one_sided": -0.047085572638088706
      },
      "H_held_sft_norm": {
        "ci95_two_sided": [
          -1.7035313595259864,
          -1.006795508837136
        ],
        "lcb975_one_sided": -1.7035313595259864,
        "n_finite": 10000,
        "std": 0.17589286401774687,
        "ucb975_one_sided": -1.006795508837136
      },
      "H_preserve": {
        "ci95_two_sided": [
          0.0346823349326446,
          0.06328489433301727
        ],
        "lcb975_one_sided": 0.0346823349326446,
        "n_finite": 10000,
        "std": 0.007299349480297459,
        "ucb975_one_sided": 0.06328489433301727
      }
    }
  },
  "claim_checks": {
    "RQ1": {
      "H_conc_lcb": 0.18924467275509202,
      "H_gain_lcb": 0.12917415910635147,
      "criterion": "LCB(H_gain) > 0 AND LCB(H_conc) > 0",
      "interpretation": "Our ordinary SFT protocol further specialized these released guards toward represented sources, with a bound-confirmed adaptation-held-out loss (fixed-panel, this recipe).",
      "supported": true
    },
    "RQ2": {
      "H_cost_lcb": -0.060223852872809375,
      "H_preserve_lcb": 0.0346823349326446,
      "criterion": "LCB(H_preserve) > 0 AND LCB(H_cost) > -0.02",
      "interpretation": "KL-SFT trades adaptation gain for retention; it preserved held-out transfer but the represented-source non-inferiority margin was not met -- it is not a free improvement.",
      "supported": false
    },
    "interpretation_source": "locked claim-registry keyed by bootstrap-bound predicates; NO point-estimate sign was consulted to select wording (non-HARKing).",
    "multiplicity": "Bonferroni across the two RQ families: one-sided 97.5% per-family lower bounds control familywise alpha = 0.05.",
    "non_inferiority_margin_m": 0.02,
    "panel_conditional_limitation": "Bootstrap lower bounds are CONDITIONAL ON THE FIXED MODEL PANEL: the resample draws evaluation near-duplicate families (Poisson weights) and training seeds while holding model identities fixed, so intervals carry only eval-row and seed uncertainty -- not between-model-family uncertainty. With few families a single dominant family can drive the equal-family mean; read H_gain/H_conc/H_preserve/H_cost as fixed-panel summaries, not as generalization over a population of purpose-built guards.",
    "predicates": {
      "p_conc_lcb_gt_0": true,
      "p_cost_lcb_gt_neg_m": false,
      "p_gain_lcb_gt_0": true,
      "p_held_sft_loss_ucb_lt_0": true,
      "p_preserve_lcb_gt_0": true
    },
    "primary_beta": 0.5
  },
  "config": {
    "bootstrap_reps": 10000,
    "heldout_split": "transfer_test",
    "metric": "macro-AP over benchmark sources; RAW logit margin; tie-aware AP",
    "model_families": [
      "gemma",
      "granite",
      "llama",
      "mistral",
      "qwen",
      "smollm"
    ],
    "n_checkpoints": 10,
    "n_eval_families": 2140,
    "non_inferiority_margin_m": 0.02,
    "primary_beta": 0.5,
    "represented_split": "id_test",
    "rng_seed": 20260716
  },
  "panel_conditional_limitation": "Bootstrap lower bounds are CONDITIONAL ON THE FIXED MODEL PANEL: the resample draws evaluation near-duplicate families (Poisson weights) and training seeds while holding model identities fixed, so intervals carry only eval-row and seed uncertainty -- not between-model-family uncertainty. With few families a single dominant family can drive the equal-family mean; read H_gain/H_conc/H_preserve/H_cost as fixed-panel summaries, not as generalization over a population of purpose-built guards.",
  "point_estimates": {
    "H": {
      "H_conc": 0.23861144701076195,
      "H_conc_norm": 2.070303990962545,
      "H_cost": -0.036122853144122606,
      "H_gain": 0.17358656973846354,
      "H_gain_norm": 0.7626334645188569,
      "H_held_sft": -0.06502487727229836,
      "H_held_sft_norm": -1.3076705264436879,
      "H_preserve": 0.04891439969517475
    },
    "movement_vectors": {
      "granite_guardian_31_2b": {
        "model_family": "granite",
        "theta_kl": [
          0.08480794997725971,
          -0.05452559793721068
        ],
        "theta_sft": [
          0.13930683638797436,
          -0.13353503386999943
        ]
      },
      "llama_guard_3_1b": {
        "model_family": "llama",
        "theta_kl": [
          5.551115123125783e-17,
          0.0
        ],
        "theta_sft": [
          5.551115123125783e-17,
          0.0
        ]
      },
      "qwen25_15b": {
        "model_family": "qwen",
        "theta_kl": [
          0.34788540102310783,
          0.0287933255923295
        ],
        "theta_sft": [
          0.35632930052113787,
          -0.022697765463747244
        ]
      },
      "qwen3_4b": {
        "model_family": "qwen",
        "theta_kl": [
          0.07341952960074527,
          -0.05310106427778538
        ],
        "theta_sft": [
          0.0958866382389768,
          -0.10883282610327538
        ]
      },
      "qwen3guard_gen_06b": {
        "model_family": "qwen",
        "theta_kl": [
          0.041335375488006365,
          -0.025946988778898672
        ],
        "theta_sft": [
          0.08194811024559512,
          -0.11598788398641591
        ]
      },
      "qwen3guard_gen_4b": {
        "model_family": "qwen",
        "theta_kl": [
          0.07484006909990182,
          0.014061711013481859
        ],
        "theta_sft": [
          0.1118624707946515,
          -0.02004501554056959
        ]
      },
      "shieldgemma_2b": {
        "model_family": "gemma",
        "theta_kl": [
          0.1607727401039758,
          -0.029361237690398223
        ],
        "theta_sft": [
          0.21237514376016497,
          -0.059365224194162014
        ]
      },
      "smollm2_17b": {
        "model_family": "smollm",
        "theta_kl": [
          0.48063484572642595,
          0.07079461299561651
        ],
        "theta_sft": [
          0.5296686064434895,
          0.05311060656461353
        ]
      },
      "smollm3_3b": {
        "model_family": "smollm",